"id_doc";"num_enreg_ddm";"date_enreg_ddm";"cours_convers_dev_fact";"vaeurl_douane_tot_dinars";"code_statut_ddm";"etat_ddm_1";"etat_ddm_2";"etat_ddm_3";"message_inspecteur_1";"message_inspecteur_2";"nom_inspect_affect";"date_affect_inspect";"code_devise_montant_devise";"ptfn_montant_devise";"total_taxe_articles";"total_taxe_liqui_recap";"code_taxe_consig_penalite";"montant_consig_penalite";"code_taxe_consig_garantie";"montant_consig_garantie";"totaux_taxe_a_payer";"num_liquid_part_res_dou";"num_recette_part_res_dou";"num_cons_penl_part_res_dou";"observations_decision";"observations_reserve";"observations_rdv_visite";"observations_date_decision";"observations_mnt_penalites";"heure_minute_affectation"
"D61DDM1W";"";"";"3.3983000";"134140.158";"Devis Drts et Txs";"";"";"";"";"";"";"";"EUR";"38832.760";"19.000";"";"";"0.000";"";"";"19.000";"";"";"";"";"";"";"";"";""
"D62DDM1W";"";"";"3.3983000";"134140.158";"Devis Drts et Txs";"";"";"";"";"";"";"";"EUR";"38832.760";"19.000";"";"";"0.000";"";"";"19.000";"";"";"";"";"";"";"";"";""
"D381DDM1W";"";"";"3.3730500";"1270.855";"Devis Drts et Txs";"";"";"";"";"";"";"";"EUR";"283.890";"285.584";"";"";"0.000";"";"";"285.584";"";"";"";"";"";"";"";"";""
"D295DDM1W";"676904";"2024-03-25 00:00:00";"3.3795500";"16317.742";"";"";"";"";"";"";"COULOIR VERT";"2024-03-28 00:00:00";"EUR";"4673.000";"29.000";"";"";"0.000";"";"";"29.000";"";"";"";"";"";"";"";"";"135"
"D63DDM1W";"674792";"2023-11-28 00:00:00";"3.3983000";"134140.158";"";"";"";"";"";"";"COULOIR VERT";"2023-11-29 00:00:00";"EUR";"38832.760";"19.000";"";"";"0.000";"";"";"19.000";"";"";"";"";"";"";"";"";"110"
"D6DDM1W";"538222";"2023-10-26 00:00:00";"3.3624500";"244826.037";"";"";"";"";"";"";"COULOIR VERT";"2023-10-26 00:00:00";"EUR";"72811.800";"9.000";"";"";"0.000";"";"";"9.000";"";"";"";"";"";"";"";"";"113"
"D7DDM1W";"473447";"2023-10-26 00:00:00";"3.3624500";"47414.580";"";"";"";"";"";"";"COULOIR VERT";"2023-10-26 00:00:00";"EUR";"14101.200";"9.000";"";"";"0.000";"";"";"9.000";"";"";"";"";"";"";"";"";"113"
"D112DDM1W";"474778";"2023-12-21 00:00:00";"3.3896000";"132162.165";"";"";"";"";"";"";"COULOIR VERT";"2023-12-21 00:00:00";"EUR";"38990.490";"18.000";"";"";"0.000";"";"";"18.000";"";"";"";"";"";"";"";"";"162"
"D157DDM1W";"";"";"3.3901000";"387278.040";"Devis Drts et Txs";"";"";"";"";"";"";"";"EUR";"114237.940";"9.000";"";"";"0.000";"";"";"9.000";"";"";"";"";"";"";"";"";""
"D113DDM1W";"474780";"2023-12-21 00:00:00";"3.3896000";"445087.427";"";"";"";"";"";"";"COULOIR VERT";"2023-12-21 00:00:00";"EUR";"131309.720";"18.000";"";"";"0.000";"";"";"18.000";"";"";"";"";"";"";"";"";"162"
"D71DDM1W";"";"";"3.3991500";"289267.665";"Devis Drts et Txs";"";"";"";"";"";"";"";"EUR";"85100.000";"9.000";"";"";"0.000";"";"";"9.000";"";"";"";"";"";"";"";"";""
"D17DDM1W";"414642";"2023-11-01 00:00:00";"3.1698500";"857859.327";"";"";"";"";"";"";"COULOIR VERT";"2023-11-01 00:00:00";"USD";"270630.890";"9.000";"";"";"0.000";"";"";"9.000";"";"";"";"";"";"";"";"";"121"
"D14DDM1W";"674251";"2023-10-31 00:00:00";"3.3578000";"119917.656";"";"";"";"";"";"";"COULOIR VERT";"2023-11-01 00:00:00";"EUR";"34035.550";"87.000";"";"";"0.000";"";"";"87.000";"";"";"";"";"";"";"";"";"153"
"D22DDM1W";"";"";"3.1698500";"943716.457";"Devis Drts et Txs";"";"";"";"";"";"";"";"USD";"297716.440";"9.000";"";"";"0.000";"";"";"9.000";"";"";"";"";"";"";"";"";""
"D158DDM1W";"414946";"2024-01-15 00:00:00";"3.3901000";"640609.670";"";"";"";"";"";"";"COULOIR VERT";"2024-01-15 00:00:00";"EUR";"188964.830";"18.000";"";"";"0.000";"";"";"18.000";"";"";"";"";"";"";"";"";"115"
"D24DDM1W";"538395";"2023-11-01 00:00:00";"3.1698500";"943716.457";"";"";"";"";"";"";"COULOIR VERT";"2023-11-01 00:00:00";"USD";"297716.440";"9.000";"";"";"0.000";"";"";"9.000";"";"";"";"";"";"";"";"";"172"
"D25DDM1W";"";"";"3.3669500";"132922.300";"Devis Drts et Txs";"";"";"";"";"";"";"";"EUR";"38832.760";"27651.122";"";"";"0.000";"";"";"27651.122";"";"";"";"";"";"";"";"";""
"D72DDM1W";"539204";"2023-11-30 00:00:00";"3.3991500";"289267.665";"";"";"";"";"";"";"COULOIR VERT";"2023-12-01 00:00:00";"EUR";"85100.000";"9.000";"";"";"0.000";"";"";"9.000";"";"";"";"";"";"";"";"";"102"
"D114DDM1W";"675267";"2023-12-22 00:00:00";"3.3870500";"172772.028";"";"";"";"";"";"";"COULOIR VERT";"2023-12-22 00:00:00";"EUR";"50953.540";"203.000";"";"";"0.000";"";"";"203.000";"";"";"";"";"";"";"";"";"113"
"D116DDM1W";"909990";"2023-12-22 00:00:00";"1.0000000";"5000.000";"";"";"";"";"";"";"COULOIR VERT";"2023-12-22 00:00:00";"TND";"5000.000";"219.000";"";"";"0.000";"";"";"219.000";"";"";"";"";"";"";"";"";"113"
"D28DDM1W";"538526";"2023-11-06 00:00:00";"3.3669500";"101008.500";"";"";"";"";"";"";"COULOIR VERT";"2023-11-06 00:00:00";"EUR";"30000.000";"9.000";"";"";"0.000";"";"";"9.000";"";"";"";"";"";"";"";"";"150"
"D27DDM1W";"473683";"2023-11-06 00:00:00";"3.3669500";"27652.760";"";"";"";"";"";"";"COULOIR VERT";"2023-11-06 00:00:00";"EUR";"8213.000";"9.000";"";"";"0.000";"";"";"9.000";"";"";"";"";"";"";"";"";"150"
"D73DDM1W";"474264";"2023-11-30 00:00:00";"3.3991500";"321872.754";"";"";"";"";"";"";"COULOIR VERT";"2023-12-02 00:00:00";"EUR";"94692.130";"9.000";"";"";"0.000";"";"";"9.000";"";"";"";"";"";"";"";"";"095"
"D30DDM1W";"473721";"2023-11-07 00:00:00";"3.3771500";"166062.908";"";"";"";"";"";"";"COULOIR VERT";"2023-11-07 00:00:00";"EUR";"49172.500";"9.000";"";"";"0.000";"";"";"9.000";"";"";"";"";"";"";"";"";"144"
"D67DDM1W";"414771";"2023-11-29 00:00:00";"3.1051000";"1648484.952";"";"";"";"";"";"";"LTD MOUNA BEN RKHISAA";"2023-11-29 00:00:00";"USD";"530895.930";"18.000";"";"";"0.000";"";"";"18.000";"";"";"";"";"";"";"";"";"153"
"D74DDM1W";"173714";"2023-12-01 00:00:00";"3.3938500";"1705.671";"";"";"";"";"";"";"LTD RIM ABDERRAHMEN";"2023-12-05 00:00:00";"EUR";"391.080";"480.808";"";"";"0.000";"";"";"480.808";"";"";"";"";"";"";"";"";"154"
"D33DDM1W";"473844";"2023-11-13 00:00:00";"3.3731000";"383184.160";"";"";"";"";"";"";"COULOIR VERT";"2023-11-13 00:00:00";"EUR";"113600.000";"9.000";"";"";"0.000";"";"";"9.000";"";"";"";"";"";"";"";"";"155"
"D34DDM1W";"538761";"2023-11-13 00:00:00";"3.3731000";"29177.315";"";"";"";"";"";"";"COULOIR VERT";"2023-11-13 00:00:00";"EUR";"8650.000";"9.000";"";"";"0.000";"";"";"9.000";"";"";"";"";"";"";"";"";"155"
"D35DDM1W";"473846";"2023-11-13 00:00:00";"3.3731000";"91068.640";"";"";"";"";"";"";"COULOIR VERT";"2023-11-14 00:00:00";"EUR";"26998.500";"9.000";"";"";"0.000";"";"";"9.000";"";"";"";"";"";"";"";"";"113"
"D82DDM1W";"539370";"2023-12-06 00:00:00";"3.3789500";"302213.288";"";"";"";"";"";"";"COULOIR VERT";"2023-12-06 00:00:00";"EUR";"89440.000";"9.000";"";"";"0.000";"";"";"9.000";"";"";"";"";"";"";"";"";"160"
"D81DDM1W";"474400";"2023-12-06 00:00:00";"3.3789500";"480858.375";"";"";"";"";"";"";"COULOIR VERT";"2023-12-06 00:00:00";"EUR";"142310.000";"9.000";"";"";"0.000";"";"";"9.000";"";"";"";"";"";"";"";"";"160"
"D37DDM1W";"473858";"2023-11-14 00:00:00";"3.3761500";"229951.265";"";"";"";"";"";"";"COULOIR VERT";"2023-11-14 00:00:00";"EUR";"68110.500";"9.000";"";"";"0.000";"";"";"9.000";"";"";"";"";"";"";"";"";"152"
"D39DDM1W";"473888";"2023-11-15 00:00:00";"3.3764500";"220368.331";"";"";"";"";"";"";"COULOIR VERT";"2023-11-15 00:00:00";"EUR";"65266.280";"9.000";"";"";"0.000";"";"";"9.000";"";"";"";"";"";"";"";"";"153"
"D77DDM1W";"674962";"2023-12-07 00:00:00";"3.3751000";"54741.138";"";"";"";"";"";"";"COULOIR VERT";"2023-12-07 00:00:00";"EUR";"16200.000";"19.000";"";"";"0.000";"";"";"19.000";"";"";"";"";"";"";"";"";"122"
"D76DDM1W";"674990";"2023-12-08 00:00:00";"3.3726500";"87252.507";"";"";"";"";"";"";"COULOIR VERT";"2023-12-09 00:00:00";"EUR";"25480.000";"58.000";"";"";"0.000";"";"";"58.000";"";"";"";"";"";"";"";"";"105"
"D42DDM1W";"538914";"2023-11-17 00:00:00";"3.3922500";"50364.736";"";"";"";"";"";"";"COULOIR VERT";"2023-11-18 00:00:00";"EUR";"14847.000";"9.000";"";"";"0.000";"";"";"9.000";"";"";"";"";"";"";"";"";"094"
"D44DDM1W";"473952";"2023-11-17 00:00:00";"3.3922500";"26510.434";"";"";"";"";"";"";"COULOIR VERT";"2023-11-18 00:00:00";"EUR";"7815.000";"9.000";"";"";"0.000";"";"";"9.000";"";"";"";"";"";"";"";"";"094"
"D87DDM1W";"474504";"2023-12-12 00:00:00";"3.3723000";"555794.833";"";"";"";"";"";"";"COULOIR VERT";"2023-12-12 00:00:00";"EUR";"164811.800";"9.000";"";"";"0.000";"";"";"9.000";"";"";"";"";"";"";"";"";"112"
"D46DDM1W";"473993";"2023-11-20 00:00:00";"3.3888500";"89948.653";"";"";"";"";"";"";"COULOIR VERT";"2023-11-20 00:00:00";"EUR";"26542.530";"18.000";"";"";"0.000";"";"";"18.000";"";"";"";"";"";"";"";"";"163"
"D78DDM1W";"126782";"2023-12-06 00:00:00";"3.3789500";"84213.262";"";"";"";"";"";"";"LTD AMIN AYADI";"2023-12-06 00:00:00";"EUR";"22414.300";"24747.149";"";"";"0.000";"";"";"24747.149";"";"";"";"";"";"";"";"";"163"
"D53DDM1W";"";"";"3.3956500";"55073.891";"Devis Drts et Txs";"";"";"";"";"";"";"";"EUR";"16200.000";"19.000";"";"";"0.000";"";"";"19.000";"";"";"";"";"";"";"";"";""
"D52DDM1W";"474073";"2023-11-23 00:00:00";"3.3956500";"398139.963";"";"";"";"";"";"";"COULOIR VERT";"2023-11-23 00:00:00";"EUR";"117250.000";"9.000";"";"";"0.000";"";"";"9.000";"";"";"";"";"";"";"";"";"145"
"D57DDM1W";"414762";"2023-11-27 00:00:00";"3.3954500";"299136.429";"";"";"";"";"";"";"COULOIR VERT";"2023-11-27 00:00:00";"EUR";"88099.200";"9.000";"";"";"0.000";"";"";"9.000";"";"";"";"";"";"";"";"";"113"
"D90DDM1W";"675113";"2023-12-14 00:00:00";"3.3752500";"321885.457";"";"";"";"";"";"";"COULOIR VERT";"2023-12-14 00:00:00";"EUR";"95263.520";"222.000";"";"";"0.000";"";"";"222.000";"";"";"";"";"";"";"";"";"160"
"D91DDM1W";"414837";"2023-12-15 00:00:00";"3.3787500";"155141.388";"";"";"";"";"";"";"COULOIR VERT";"2023-12-15 00:00:00";"EUR";"45916.800";"9.000";"";"";"0.000";"";"";"9.000";"";"";"";"";"";"";"";"";"122"
"D89DDM1W";"909925";"2023-12-14 00:00:00";"1.0000000";"5000.000";"";"";"";"";"";"";"COULOIR VERT";"2023-12-16 00:00:00";"TND";"5000.000";"219.000";"";"";"0.000";"";"";"219.000";"";"";"";"";"";"";"";"";"094"
"D95DDM1W";"474667";"2023-12-18 00:00:00";"3.3858500";"154902.638";"";"";"";"";"";"";"COULOIR VERT";"2023-12-18 00:00:00";"EUR";"45750.000";"9.000";"";"";"0.000";"";"";"9.000";"";"";"";"";"";"";"";"";"150"
"D97DDM1W";"";"";"3.3858500";"124006.756";"Devis Drts et Txs";"";"";"";"";"";"";"";"EUR";"36625.000";"9.000";"";"";"0.000";"";"";"9.000";"";"";"";"";"";"";"";"";""
"D99DDM1W";"";"";"3.3858500";"38598.690";"Devis Drts et Txs";"";"";"";"";"";"";"";"EUR";"11400.000";"9.000";"";"";"0.000";"";"";"9.000";"";"";"";"";"";"";"";"";""
"D100DDM1W";"539695";"2023-12-18 00:00:00";"3.3858500";"38598.690";"";"";"";"";"";"";"COULOIR VERT";"2023-12-19 00:00:00";"EUR";"11400.000";"9.000";"";"";"0.000";"";"";"9.000";"";"";"";"";"";"";"";"";"104"
"D98DDM1W";"474679";"2023-12-18 00:00:00";"3.3858500";"124006.756";"";"";"";"";"";"";"COULOIR VERT";"2023-12-19 00:00:00";"EUR";"36625.000";"9.000";"";"";"0.000";"";"";"9.000";"";"";"";"";"";"";"";"";"105"
"D106DDM1W";"";"";"3.3896000";"166198.867";"Devis Drts et Txs";"";"";"";"";"";"";"";"EUR";"49032.000";"9.000";"";"";"0.000";"";"";"9.000";"";"";"";"";"";"";"";"";""
"D109DDM1W";"";"";"3.3896000";"316615.757";"Devis Drts et Txs";"";"";"";"";"";"";"";"EUR";"93408.000";"9.000";"";"";"0.000";"";"";"9.000";"";"";"";"";"";"";"";"";""
"D110DDM1W";"539737";"2023-12-21 00:00:00";"3.3896000";"316615.757";"";"";"";"";"";"";"COULOIR VERT";"2023-12-21 00:00:00";"EUR";"93408.000";"9.000";"";"";"0.000";"";"";"9.000";"";"";"";"";"";"";"";"";"144"
"D108DDM1W";"474755";"2023-12-21 00:00:00";"3.3896000";"166198.867";"";"";"";"";"";"";"COULOIR VERT";"2023-12-21 00:00:00";"EUR";"49032.000";"9.000";"";"";"0.000";"";"";"9.000";"";"";"";"";"";"";"";"";"144"
"D300DDM1W";"542051";"2024-03-28 00:00:00";"3.3796500";"225603.804";"";"";"";"";"";"";"COULOIR VERT";"2024-03-28 00:00:00";"EUR";"66753.600";"18.000";"";"";"0.000";"";"";"18.000";"";"";"";"";"";"";"";"";"110"
"D154DDM1W";"475208";"2024-01-12 00:00:00";"3.3913500";"32191.881";"";"";"";"";"";"";"COULOIR VERT";"2024-01-13 00:00:00";"EUR";"9492.350";"9.000";"";"";"0.000";"";"";"9.000";"";"";"";"";"";"";"";"";"100"
"D153DDM1W";"540256";"2024-01-12 00:00:00";"3.3913500";"69792.830";"";"";"";"";"";"";"COULOIR VERT";"2024-01-13 00:00:00";"EUR";"20579.660";"18.000";"";"";"0.000";"";"";"18.000";"";"";"";"";"";"";"";"";"100"
"D121DDM1W";"675303";"2023-12-23 00:00:00";"3.3920500";"10318.246";"";"";"";"";"";"";"COULOIR VERT";"2023-12-25 00:00:00";"EUR";"3036.880";"19.000";"";"";"0.000";"";"";"19.000";"";"";"";"";"";"";"";"";"094"
"D119DDM1W";"675296";"2023-12-23 00:00:00";"3.3920500";"17011.960";"";"";"";"";"";"";"COULOIR VERT";"2023-12-25 00:00:00";"EUR";"4679.360";"19.000";"";"";"0.000";"";"";"19.000";"";"";"";"";"";"";"";"";"094"
"D124DDM1W";"474814";"2023-12-25 00:00:00";"3.3920500";"170868.176";"";"";"";"";"";"";"COULOIR VERT";"2023-12-25 00:00:00";"EUR";"50373.130";"9.000";"";"";"0.000";"";"";"9.000";"";"";"";"";"";"";"";"";"162"
"D169DDM1W";"675834";"2024-01-25 00:00:00";"3.3834500";"257388.614";"";"";"";"";"";"";"COULOIR VERT";"2024-01-25 00:00:00";"EUR";"75990.000";"29.000";"";"";"0.000";"";"";"29.000";"";"";"";"";"";"";"";"";"101"
"D168DDM1W";"910194";"2024-01-22 00:00:00";"1.0000000";"10000.000";"";"";"";"";"";"";"COULOIR VERT";"2024-01-25 00:00:00";"TND";"10000.000";"429.000";"";"";"0.000";"";"";"429.000";"";"";"";"";"";"";"";"";"101"
"D175DDM1W";"";"";"3.3710000";"145576.332";"Devis Drts et Txs";"";"";"";"";"";"";"";"EUR";"43184.910";"18.000";"";"";"0.000";"";"";"18.000";"";"";"";"";"";"";"";"";""
"D133DDM1W";"539877";"2023-12-27 00:00:00";"3.3945500";"342340.368";"";"";"";"";"";"";"COULOIR VERT";"2023-12-27 00:00:00";"EUR";"100850.000";"9.000";"";"";"0.000";"";"";"9.000";"";"";"";"";"";"";"";"";"151"
"D132DDM1W";"474898";"2023-12-27 00:00:00";"3.3945500";"103325.010";"";"";"";"";"";"";"COULOIR VERT";"2023-12-27 00:00:00";"EUR";"30438.500";"9.000";"";"";"0.000";"";"";"9.000";"";"";"";"";"";"";"";"";"151"
"D131DDM1W";"474899";"2023-12-27 00:00:00";"3.3945500";"261719.805";"";"";"";"";"";"";"COULOIR VERT";"2023-12-27 00:00:00";"EUR";"77100.000";"9.000";"";"";"0.000";"";"";"9.000";"";"";"";"";"";"";"";"";"151"
"D135DDM1W";"";"";"3.3945500";"319638.296";"Devis Drts et Txs";"";"";"";"";"";"";"";"EUR";"94162.200";"18.000";"";"";"0.000";"";"";"18.000";"";"";"";"";"";"";"";"";""
"D176DDM1W";"475612";"2024-02-02 00:00:00";"3.3710000";"145576.332";"";"";"";"";"";"";"COULOIR VERT";"2024-02-02 00:00:00";"EUR";"43184.910";"18.000";"";"";"0.000";"";"";"18.000";"";"";"";"";"";"";"";"";"111"
"D88DDM1W";"137175";"2023-12-13 00:00:00";"3.3735500";"2483.135";"";"";"";"";"";"";"CTD BRAHIM AZZOUZI";"2023-12-13 00:00:00";"EUR";"736.060";"1408.022";"";"";"0.000";"";"";"1408.022";"";"";"";"";"";"";"";"";"153"
"D178DDM1W";"";"";"3.3710000";"13678.735";"Devis Drts et Txs";"";"";"";"";"";"";"";"EUR";"3902.000";"4539.774";"";"";"0.000";"";"";"4539.774";"";"";"";"";"";"";"";"";""
"D181DDM1W";"";"";"3.3804500";"210940.080";"Devis Drts et Txs";"";"";"";"";"";"";"";"EUR";"62400.000";"9.000";"";"";"0.000";"";"";"9.000";"";"";"";"";"";"";"";"";""
"D139DDM1W";"539899";"2023-12-28 00:00:00";"3.0755000";"727211.571";"";"";"";"";"";"";"COULOIR VERT";"2023-12-28 00:00:00";"USD";"236453.120";"36.000";"";"";"0.000";"";"";"36.000";"";"";"";"";"";"";"";"";"123"
"D138DDM1W";"474920";"2023-12-28 00:00:00";"3.0755000";"662618.443";"";"";"";"";"";"";"COULOIR VERT";"2023-12-28 00:00:00";"USD";"215450.640";"9.000";"";"";"0.000";"";"";"9.000";"";"";"";"";"";"";"";"";"123"
"D136DDM1W";"474917";"2023-12-27 00:00:00";"3.3945500";"319638.296";"";"";"";"";"";"";"COULOIR VERT";"2023-12-28 00:00:00";"EUR";"94162.200";"18.000";"";"";"0.000";"";"";"18.000";"";"";"";"";"";"";"";"";"123"
"D141DDM1W";"";"";"3.4019000";"1634.205";"Devis Drts et Txs";"";"";"";"";"";"";"";"EUR";"480.380";"989.450";"";"";"0.000";"";"";"989.450";"";"";"";"";"";"";"";"";""
"D122DDM1W";"127046";"2023-12-23 00:00:00";"3.3920500";"91304.643";"";"";"";"";"";"";"LMD ISSAM FARSI";"2023-12-26 00:00:00";"EUR";"25570.450";"18580.131";"";"";"0.000";"";"";"18580.131";"";"";"";"";"";"";"";"";"111"
"D123DDM1W";"316171";"2023-12-23 00:00:00";"3.3920500";"7640.135";"";"";"";"";"";"";"LMD ISSAM FARSI";"2023-12-26 00:00:00";"EUR";"2139.750";"1601.610";"";"";"0.000";"";"";"1601.610";"";"";"";"";"";"";"";"";"111"
"D182DDM1W";"540732";"2024-02-05 00:00:00";"3.3804500";"210940.080";"";"";"";"";"";"";"COULOIR VERT";"2024-02-05 00:00:00";"EUR";"62400.000";"9.000";"";"";"0.000";"";"";"9.000";"";"";"";"";"";"";"";"";"152"
"D146DDM1W";"";"";"3.3934500";"183250.057";"Devis Drts et Txs";"";"";"";"";"";"";"";"EUR";"53942.310";"98.000";"";"";"0.000";"";"";"98.000";"";"";"";"";"";"";"";"";""
"D166DDM1W";"675743";"2024-01-20 00:00:00";"3.1112000";"281565.576";"";"";"";"";"";"";"COULOIR VERT";"2024-01-20 00:00:00";"USD";"90403.000";"29.000";"";"";"0.000";"";"";"29.000";"";"";"";"";"";"";"";"";"115"
"D145DDM1W";"475001";"2024-01-03 00:00:00";"3.3934500";"166718.875";"";"";"";"";"";"";"COULOIR VERT";"2024-01-03 00:00:00";"EUR";"49129.610";"18.000";"";"";"0.000";"";"";"18.000";"";"";"";"";"";"";"";"";"150"
"D146DDM2W";"";"";"3.3880500";"182960.279";"Devis Drts et Txs";"";"";"";"";"";"";"";"EUR";"53942.310";"78.000";"";"";"0.000";"";"";"78.000";"";"";"";"";"";"";"";"";""
"D148DDM1W";"";"";"3.3862000";"13738.035";"Devis Drts et Txs";"";"";"";"";"";"";"";"EUR";"3902.000";"4614.426";"";"";"0.000";"";"";"4614.426";"";"";"";"";"";"";"";"";""
"D147DDM1W";"";"";"3.3862000";"375221.357";"Devis Drts et Txs";"";"";"";"";"";"";"";"EUR";"105626.920";"29.000";"";"";"0.000";"";"";"29.000";"";"";"";"";"";"";"";"";""
"D167DDM1W";"910191";"2024-01-19 00:00:00";"1.0000000";"5000.000";"";"";"";"";"";"";"COULOIR VERT";"2024-01-20 00:00:00";"TND";"5000.000";"229.000";"";"";"0.000";"";"";"229.000";"";"";"";"";"";"";"";"";"115"
"D179DDM1W";"127509";"2024-02-02 00:00:00";"3.3710000";"13678.735";"";"";"";"";"";"";"LTD AMIN AYADI";"2024-02-03 00:00:00";"EUR";"3902.000";"4696.209";"";"";"0.000";"";"";"4696.209";"";"";"";"";"";"";"";"";"104"
"D186DDM1W";"540769";"2024-02-07 00:00:00";"3.3711500";"130884.899";"";"";"";"";"";"";"COULOIR VERT";"2024-02-07 00:00:00";"EUR";"38825.000";"9.000";"";"";"0.000";"";"";"9.000";"";"";"";"";"";"";"";"";"120"
"D149DDM1W";"675591";"2024-01-10 00:00:00";"3.3869500";"182900.877";"";"";"";"";"";"";"COULOIR VERT";"2024-01-10 00:00:00";"EUR";"53942.310";"78.000";"";"";"0.000";"";"";"78.000";"";"";"";"";"";"";"";"";"160"
"D150DDM1W";"675593";"2024-01-10 00:00:00";"3.3869500";"20367.177";"";"";"";"";"";"";"COULOIR VERT";"2024-01-10 00:00:00";"EUR";"6005.200";"29.000";"";"";"0.000";"";"";"29.000";"";"";"";"";"";"";"";"";"160"
"D192DDM1W";"540950";"2024-02-13 00:00:00";"3.3755500";"41519.265";"";"";"";"";"";"";"COULOIR VERT";"2024-02-14 00:00:00";"EUR";"12300.000";"9.000";"";"";"0.000";"";"";"9.000";"";"";"";"";"";"";"";"";"153"
"D147DDM2W";"675586";"2024-01-10 00:00:00";"3.3869500";"375300.886";"";"";"";"";"";"";"COULOIR VERT";"2024-01-10 00:00:00";"EUR";"105626.920";"29.000";"";"";"0.000";"";"";"29.000";"";"";"";"";"";"";"";"";"160"
"D193DDM1W";"475834";"2024-02-13 00:00:00";"3.3755500";"72405.548";"";"";"";"";"";"";"COULOIR VERT";"2024-02-14 00:00:00";"EUR";"21450.000";"9.000";"";"";"0.000";"";"";"9.000";"";"";"";"";"";"";"";"";"153"
"D151DDM1W";"910117";"2024-01-10 00:00:00";"1.0000000";"10000.000";"";"";"";"";"";"";"COULOIR VERT";"2024-01-11 00:00:00";"TND";"10000.000";"429.000";"";"";"0.000";"";"";"429.000";"";"";"";"";"";"";"";"";"104"
"D143DDM1W";"127220";"2024-01-10 00:00:00";"3.3869500";"1627.023";"";"";"";"";"";"";"LTD AMIN AYADI";"2024-01-10 00:00:00";"EUR";"480.380";"1214.442";"";"";"0.000";"";"";"1214.442";"";"";"";"";"";"";"";"";"123"
"D208DDM1W";"541104";"2024-02-19 00:00:00";"3.3739000";"235341.671";"";"";"";"";"";"";"COULOIR VERT";"2024-02-19 00:00:00";"EUR";"69753.600";"9.000";"";"";"0.000";"";"";"9.000";"";"";"";"";"";"";"";"";"121"
"D215DDM1W";"";"";"3.3739000";"205620.615";"Devis Drts et Txs";"";"";"";"";"";"";"";"EUR";"60944.490";"9.000";"";"";"0.000";"";"";"9.000";"";"";"";"";"";"";"";"";""
"D216DDM1W";"475970";"2024-02-19 00:00:00";"3.3739000";"205620.615";"";"";"";"";"";"";"COULOIR VERT";"2024-02-20 00:00:00";"EUR";"60944.490";"9.000";"";"";"0.000";"";"";"9.000";"";"";"";"";"";"";"";"";"104"
"D237DDM1W";"476066";"2024-02-22 00:00:00";"3.3784000";"106585.142";"";"";"";"";"";"";"COULOIR VERT";"2024-02-23 00:00:00";"EUR";"31549.000";"18.000";"";"";"0.000";"";"";"18.000";"";"";"";"";"";"";"";"";"090"
"D214DDM1W";"541114";"2024-02-19 00:00:00";"3.3739000";"241740.745";"";"";"";"";"";"";"CND MAJDI GURIBI";"2024-02-20 00:00:00";"EUR";"71650.240";"18.000";"";"";"0.000";"";"";"18.000";"";"";"";"";"";"";"";"";"104"
"D261DDM1W";"476146";"2024-02-28 00:00:00";"3.3825500";"56826.840";"";"";"";"";"";"";"COULOIR VERT";"2024-02-28 00:00:00";"EUR";"16800.000";"9.000";"";"";"0.000";"";"";"9.000";"";"";"";"";"";"";"";"";"122"
"D262DDM1W";"541293";"2024-02-28 00:00:00";"3.3825500";"49046.975";"";"";"";"";"";"";"COULOIR VERT";"2024-02-28 00:00:00";"EUR";"14500.000";"9.000";"";"";"0.000";"";"";"9.000";"";"";"";"";"";"";"";"";"122"
"D263DDM1W";"127894";"2024-02-29 00:00:00";"3.3786500";"304.079";"";"";"";"";"";"";"LTD AMIN AYADI";"2024-02-29 00:00:00";"EUR";"90.000";"244.243";"";"";"0.000";"";"";"244.243";"";"";"";"";"";"";"";"";"154"
"D270DDM1W";"";"";"3.3781500";"57753.172";"Devis Drts et Txs";"";"";"";"";"";"";"";"EUR";"15746.610";"78.000";"";"";"0.000";"";"";"78.000";"";"";"";"";"";"";"";"";""
"D271DDM1W";"676562";"2024-03-05 00:00:00";"3.3805500";"57791.008";"Enregistrement";"";"";"";"";"";"";"";"EUR";"15746.610";"78.000";"";"";"0.000";"";"";"78.000";"";"";"";"";"";"";"";"";""
"D273DDM1W";"676651";"2024-03-08 00:00:00";"3.3817500";"57809.925";"";"";"";"";"";"";"COULOIR VERT";"2024-03-09 00:00:00";"EUR";"15746.610";"78.000";"";"";"0.000";"";"";"78.000";"";"";"";"";"";"";"";"";"124"
"D275DDM1W";"541658";"2024-03-11 00:00:00";"3.3851500";"108850.175";"";"";"";"";"";"";"COULOIR VERT";"2024-03-11 00:00:00";"EUR";"32155.200";"9.000";"";"";"0.000";"";"";"9.000";"";"";"";"";"";"";"";"";"103"
"D277DDM1W";"";"";"3.3851500";"43837.693";"Devis Drts et Txs";"";"";"";"";"";"";"";"EUR";"12950.000";"9.000";"";"";"0.000";"";"";"9.000";"";"";"";"";"";"";"";"";""
"D540DDM1W";"544356";"2024-06-27 00:00:00";"3.3649500";"91592.997";"";"";"";"";"";"";"COULOIR VERT";"2024-06-27 00:00:00";"EUR";"27219.720";"9.000";"";"";"0.000";"";"";"9.000";"";"";"";"";"";"";"";"";"154"
"D316DDM1W";"";"";"3.3730000";"1067534.329";"Devis Drts et Txs";"";"";"";"";"";"";"";"EUR";"316494.020";"18.000";"";"";"0.000";"";"";"18.000";"";"";"";"";"";"";"";"";""
"D279DDM1W";"541679";"2024-03-12 00:00:00";"3.3843500";"250441.900";"";"";"";"";"";"";"COULOIR VERT";"2024-03-12 00:00:00";"EUR";"74000.000";"9.000";"";"";"0.000";"";"";"9.000";"";"";"";"";"";"";"";"";"130"
"D278DDM1W";"476449";"2024-03-12 00:00:00";"3.3843500";"43827.333";"";"";"";"";"";"";"COULOIR VERT";"2024-03-12 00:00:00";"EUR";"12950.000";"9.000";"";"";"0.000";"";"";"9.000";"";"";"";"";"";"";"";"";"130"
"D272DDM1W";"177338";"2024-03-06 00:00:00";"3.3802000";"36801.776";"";"";"";"";"";"";"CTD EMNA KACHOUT";"2024-03-06 00:00:00";"EUR";"10874.080";"7211.107";"";"";"0.000";"";"";"7211.107";"";"";"";"";"";"";"";"";"122"
"D382DDM1W";"543078";"2024-05-08 00:00:00";"3.3730500";"343646.334";"";"";"";"";"";"";"COULOIR VERT";"2024-05-09 00:00:00";"EUR";"101880.000";"9.000";"";"";"0.000";"";"";"9.000";"";"";"";"";"";"";"";"";"102"
"D294DDM1W";"";"";"3.3795500";"16317.742";"Devis Drts et Txs";"";"";"";"";"";"";"";"EUR";"4673.000";"29.000";"";"";"0.000";"";"";"29.000";"";"";"";"";"";"";"";"";""
"D367DDM1W";"677589";"2024-05-07 00:00:00";"3.1318000";"5487.794";"";"";"";"";"";"";"COULOIR VERT";"2024-05-09 00:00:00";"USD";"481.850";"29.000";"";"";"0.000";"";"";"29.000";"";"";"";"";"";"";"";"";"103"
"D313DDM1W";"542214";"2024-04-03 00:00:00";"3.3687500";"56769.737";"";"";"";"";"";"";"COULOIR VERT";"2024-04-04 00:00:00";"EUR";"16851.870";"18.000";"";"";"0.000";"";"";"18.000";"";"";"";"";"";"";"";"";"103"
"D384DDM1W";"";"";"3.3723000";"136826.070";"Devis Drts et Txs";"";"";"";"";"";"";"";"EUR";"40528.530";"78.000";"";"";"0.000";"";"";"78.000";"";"";"";"";"";"";"";"";""
"D297DDM1W";"542018";"2024-03-26 00:00:00";"3.3785500";"99160.443";"";"";"";"";"";"";"COULOIR VERT";"2024-03-26 00:00:00";"EUR";"29350.000";"9.000";"";"";"0.000";"";"";"9.000";"";"";"";"";"";"";"";"";"104"
"D299DDM1W";"";"";"3.3796500";"225603.804";"Devis Drts et Txs";"";"";"";"";"";"";"";"EUR";"66753.600";"18.000";"";"";"0.000";"";"";"18.000";"";"";"";"";"";"";"";"";""
"D317DDM1W";"476976";"2024-04-04 00:00:00";"3.1315500";"991116.848";"";"";"";"";"";"";"COULOIR VERT";"2024-04-04 00:00:00";"USD";"316494.020";"18.000";"";"";"0.000";"";"";"18.000";"";"";"";"";"";"";"";"";"103"
"D385DDM1W";"";"";"3.3723000";"1271.329";"Devis Drts et Txs";"";"";"";"";"";"";"";"EUR";"283.890";"740.860";"";"";"0.000";"";"";"740.860";"";"";"";"";"";"";"";"";""
"D314DDM1W";"476952";"2024-04-03 00:00:00";"3.3687500";"34021.916";"";"";"";"";"";"";"COULOIR VERT";"2024-04-04 00:00:00";"EUR";"10099.270";"9.000";"";"";"0.000";"";"";"9.000";"";"";"";"";"";"";"";"";"103"
"D366DDM1W";"128823";"2024-05-06 00:00:00";"3.3686500";"66180.386";"";"";"";"";"";"";"LTD AMIN AYADI";"2024-05-07 00:00:00";"EUR";"19623.400";"12960.501";"";"";"0.000";"";"";"12960.501";"";"";"";"";"";"";"";"";"115"
"D321DDM1W";"";"";"1.0000000";"5000.000";"Devis Drts et Txs";"";"";"";"";"";"";"";"TND";"5000.000";"229.000";"";"";"0.000";"";"";"229.000";"";"";"";"";"";"";"";"";""
"D322DDM1W";"542280";"2024-04-04 00:00:00";"3.3730000";"494457.717";"";"";"";"";"";"";"COULOIR VERT";"2024-04-05 00:00:00";"EUR";"146592.860";"9.000";"";"";"0.000";"";"";"9.000";"";"";"";"";"";"";"";"";"091"
"D320DDM1W";"677096";"2024-04-04 00:00:00";"3.3730000";"55554.719";"";"";"";"";"";"";"COULOIR VERT";"2024-04-05 00:00:00";"EUR";"13153.920";"29.000";"";"";"0.000";"";"";"29.000";"";"";"";"";"";"";"";"";"092"
"D323DDM1W";"910782";"2024-04-05 00:00:00";"1.0000000";"5000.000";"";"";"";"";"";"";"COULOIR VERT";"2024-04-05 00:00:00";"TND";"5000.000";"229.000";"";"";"0.000";"";"";"229.000";"";"";"";"";"";"";"";"";"092"
"D318DDM1W";"476981";"2024-04-04 00:00:00";"3.3730000";"513231.025";"";"";"";"";"";"";"COULOIR VERT";"2024-04-05 00:00:00";"EUR";"152158.620";"9.000";"";"";"0.000";"";"";"9.000";"";"";"";"";"";"";"";"";"092"
"D401DDM1W";"543212";"2024-05-13 00:00:00";"3.3770000";"277589.400";"";"";"";"";"";"";"COULOIR VERT";"2024-05-13 00:00:00";"EUR";"82200.000";"9.000";"";"";"0.000";"";"";"9.000";"";"";"";"";"";"";"";"";"121"
"D402DDM1W";"543211";"2024-05-13 00:00:00";"3.3770000";"277589.400";"";"";"";"";"";"";"COULOIR VERT";"2024-05-13 00:00:00";"EUR";"82200.000";"9.000";"";"";"0.000";"";"";"9.000";"";"";"";"";"";"";"";"";"121"
"D327DDM1W";"542381";"2024-04-08 00:00:00";"3.3807500";"78771.475";"";"";"";"";"";"";"COULOIR VERT";"2024-04-08 00:00:00";"EUR";"23300.000";"9.000";"";"";"0.000";"";"";"9.000";"";"";"";"";"";"";"";"";"121"
"D326DDM1W";"477071";"2024-04-08 00:00:00";"3.3807500";"17690.112";"";"";"";"";"";"";"COULOIR VERT";"2024-04-08 00:00:00";"EUR";"5232.600";"9.000";"";"";"0.000";"";"";"9.000";"";"";"";"";"";"";"";"";"121"
"D328DDM1W";"";"";"3.3797500";"178237.795";"Devis Drts et Txs";"";"";"";"";"";"";"";"EUR";"51777.030";"37074.795";"";"";"0.000";"";"";"37074.795";"";"";"";"";"";"";"";"";""
"D405DDM1W";"543223";"2024-05-13 00:00:00";"3.3770000";"277589.400";"";"";"";"";"";"";"COULOIR VERT";"2024-05-14 00:00:00";"EUR";"82200.000";"9.000";"";"";"0.000";"";"";"9.000";"";"";"";"";"";"";"";"";"105"
"D404DDM1W";"543221";"2024-05-13 00:00:00";"3.3770000";"277589.400";"";"";"";"";"";"";"COULOIR VERT";"2024-05-14 00:00:00";"EUR";"82200.000";"9.000";"";"";"0.000";"";"";"9.000";"";"";"";"";"";"";"";"";"105"
"D329DDM1W";"128456";"2024-04-12 00:00:00";"3.3797500";"178237.795";"";"";"";"";"";"";"CTD AHMED WERGHMI";"2024-04-15 00:00:00";"EUR";"51777.030";"37074.795";"";"";"0.000";"";"";"37074.795";"";"";"";"";"";"";"";"";"121"
"D406DDM1W";"543234";"2024-05-14 00:00:00";"3.3763500";"277535.970";"";"";"";"";"";"";"COULOIR VERT";"2024-05-15 00:00:00";"EUR";"82200.000";"9.000";"";"";"0.000";"";"";"9.000";"";"";"";"";"";"";"";"";"120"
"D341DDM1W";"542623";"2024-04-22 00:00:00";"3.3617500";"276335.850";"";"";"";"";"";"";"COULOIR VERT";"2024-04-22 00:00:00";"EUR";"82200.000";"9.000";"";"";"0.000";"";"";"9.000";"";"";"";"";"";"";"";"";"120"
"D407DDM1W";"543235";"2024-05-14 00:00:00";"3.3763500";"277535.970";"";"";"";"";"";"";"COULOIR VERT";"2024-05-15 00:00:00";"EUR";"82200.000";"9.000";"";"";"0.000";"";"";"9.000";"";"";"";"";"";"";"";"";"120"
"D413DDM1W";"";"";"3.3769500";"246385.495";"Devis Drts et Txs";"";"";"";"";"";"";"";"EUR";"71165.450";"51281.694";"";"";"0.000";"";"";"51281.694";"";"";"";"";"";"";"";"";""
"D383DDM1W";"128871";"2024-05-09 00:00:00";"3.3723000";"1271.329";"";"";"";"";"";"";"LTD AMIN AYADI";"2024-05-09 00:00:00";"EUR";"283.890";"285.680";"";"";"0.000";"";"";"285.680";"";"";"";"";"";"";"";"";"102"
"D350DDM1W";"";"";"3.3671500";"209148.670";"Devis Drts et Txs";"";"";"";"";"";"";"";"EUR";"62114.450";"18.000";"";"";"0.000";"";"";"18.000";"";"";"";"";"";"";"";"";""
"D417DDM1W";"";"";"3.3825500";"131101.583";"Devis Drts et Txs";"";"";"";"";"";"";"";"EUR";"38758.210";"18.000";"";"";"0.000";"";"";"18.000";"";"";"";"";"";"";"";"";""
"D424DDM1W";"";"";"3.3838500";"457167.339";"Devis Drts et Txs";"";"";"";"";"";"";"";"EUR";"135102.720";"18.000";"";"";"0.000";"";"";"18.000";"";"";"";"";"";"";"";"";""
"D347DDM1W";"477383";"2024-04-24 00:00:00";"3.1527500";"466772.582";"";"";"";"";"";"";"COULOIR VERT";"2024-04-25 00:00:00";"USD";"148052.520";"9.000";"";"";"0.000";"";"";"9.000";"";"";"";"";"";"";"";"";"102"
"D346DDM1W";"477382";"2024-04-24 00:00:00";"3.3671500";"338872.501";"";"";"";"";"";"";"COULOIR VERT";"2024-04-25 00:00:00";"EUR";"100640.750";"9.000";"";"";"0.000";"";"";"9.000";"";"";"";"";"";"";"";"";"102"
"D348DDM1W";"477389";"2024-04-24 00:00:00";"3.1527500";"232377.159";"";"";"";"";"";"";"COULOIR VERT";"2024-04-25 00:00:00";"USD";"73706.180";"9.000";"";"";"0.000";"";"";"9.000";"";"";"";"";"";"";"";"";"102"
"D352DDM1W";"542683";"2024-04-24 00:00:00";"3.3671500";"209148.670";"";"";"";"";"";"";"COULOIR VERT";"2024-04-25 00:00:00";"EUR";"62114.450";"18.000";"";"";"0.000";"";"";"18.000";"";"";"";"";"";"";"";"";"102"
"D349DDM1W";"477388";"2024-04-24 00:00:00";"3.3671500";"56196.488";"";"";"";"";"";"";"COULOIR VERT";"2024-04-25 00:00:00";"EUR";"16689.630";"9.000";"";"";"0.000";"";"";"9.000";"";"";"";"";"";"";"";"";"102"
"D324DDM1W";"137637";"2024-04-16 00:00:00";"3.3620500";"168.103";"";"";"";"";"";"";"CND TAHER ELLEUCHI";"2024-04-19 00:00:00";"EUR";"50.000";"146.957";"";"";"0.000";"";"";"146.957";"";"";"";"";"";"";"";"";"094"
"D351DDM1W";"542682";"2024-04-24 00:00:00";"3.1527500";"666835.378";"";"";"";"";"";"";"COULOIR VERT";"2024-04-25 00:00:00";"USD";"211509.120";"27.000";"";"";"0.000";"";"";"27.000";"";"";"";"";"";"";"";"";"125"
"D521DDM1W";"";"";"3.3822500";"37989.669";"Devis Drts et Txs";"";"";"";"";"";"";"";"EUR";"11232.070";"9.000";"";"";"0.000";"";"";"9.000";"";"";"";"";"";"";"";"";""
"D357DDM1W";"542801";"2024-04-27 00:00:00";"3.3727500";"295452.900";"";"";"";"";"";"";"COULOIR VERT";"2024-04-27 00:00:00";"EUR";"87600.000";"9.000";"";"";"0.000";"";"";"9.000";"";"";"";"";"";"";"";"";"104"
"D289DDM1W";"128184";"2024-03-19 00:00:00";"3.1050000";"2993.220";"";"";"";"";"";"";"LMD ISSAM FARSI";"2024-03-19 00:00:00";"USD";"964.000";"238.525";"";"";"0.000";"";"";"238.525";"";"";"";"";"";"";"";"";"122"
"D356DDM1W";"128732";"2024-04-26 00:00:00";"3.3711500";"2444.107";"";"";"";"";"";"";"LTD AMIN AYADI";"2024-04-27 00:00:00";"EUR";"624.000";"522.465";"";"";"0.000";"";"";"522.465";"";"";"";"";"";"";"";"";"105"
"D361DDM1W";"";"";"3.1457000";"5494.493";"Devis Drts et Txs";"";"";"";"";"";"";"";"USD";"481.850";"3980.148";"";"";"0.000";"";"";"3980.148";"";"";"";"";"";"";"";"";""
"D363DDM1W";"542996";"2024-05-06 00:00:00";"3.3686500";"38565.990";"";"";"";"";"";"";"COULOIR VERT";"2024-05-06 00:00:00";"EUR";"11448.500";"9.000";"";"";"0.000";"";"";"9.000";"";"";"";"";"";"";"";"";"114"
"D364DDM1W";"477616";"2024-05-06 00:00:00";"3.3686500";"58272.592";"";"";"";"";"";"";"COULOIR VERT";"2024-05-06 00:00:00";"EUR";"17298.500";"9.000";"";"";"0.000";"";"";"9.000";"";"";"";"";"";"";"";"";"115"
"D370DDM1W";"477640";"2024-05-07 00:00:00";"3.3725000";"220301.548";"";"";"";"";"";"";"COULOIR VERT";"2024-05-08 00:00:00";"EUR";"65322.920";"18.000";"";"";"0.000";"";"";"18.000";"";"";"";"";"";"";"";"";"112"
"D415DDM1W";"180165";"2024-05-17 00:00:00";"3.3842500";"246906.068";"";"";"";"";"";"";"LTD AREF AYEDI";"2024-05-18 00:00:00";"EUR";"71165.450";"50629.719";"";"";"0.000";"";"";"50629.719";"";"";"";"";"";"";"";"";"094"
"D412DDM1W";"329461";"2024-05-17 00:00:00";"3.3842500";"22081.066";"";"";"";"";"";"";"LTD AREF AYEDI";"2024-05-18 00:00:00";"EUR";"6364.400";"4658.383";"";"";"0.000";"";"";"4658.383";"";"";"";"";"";"";"";"";"094"
"D403DDM1W";"677702";"2024-05-13 00:00:00";"3.3770000";"137016.766";"";"";"";"";"";"";"COULOIR VERT";"2024-07-02 00:00:00";"EUR";"40528.530";"78.000";"";"";"0.000";"";"";"78.000";"";"";"";"";"";"";"";"";"121"
"D549DDM1W";"";"";"3.3756000";"50634.000";"Devis Drts et Txs";"";"";"";"";"";"";"";"EUR";"15000.000";"629.000";"";"";"0.000";"";"";"629.000";"";"";"";"";"";"";"";"";""
"D419DDM1W";"543424";"2024-05-20 00:00:00";"3.3825500";"131101.583";"";"";"";"";"";"";"COULOIR VERT";"2024-05-20 00:00:00";"EUR";"38758.210";"18.000";"";"";"0.000";"";"";"18.000";"";"";"";"";"";"";"";"";"145"
"D418DDM1W";"478035";"2024-05-20 00:00:00";"3.3825500";"87401.067";"";"";"";"";"";"";"COULOIR VERT";"2024-05-20 00:00:00";"EUR";"25838.810";"9.000";"";"";"0.000";"";"";"9.000";"";"";"";"";"";"";"";"";"145"
"D550DDM1W";"911477";"2024-07-04 00:00:00";"1.0000000";"15000.000";"";"";"";"";"";"";"COULOIR VERT";"2024-07-04 00:00:00";"TND";"15000.000";"629.000";"";"";"0.000";"";"";"629.000";"";"";"";"";"";"";"";"";"122"
"D556DDM1W";"";"";"3.1372000";"196085.039";"Devis Drts et Txs";"";"";"";"";"";"";"";"USD";"62503.200";"9.000";"";"";"0.000";"";"";"9.000";"";"";"";"";"";"";"";"";""
"D422DDM1W";"543432";"2024-05-20 00:00:00";"3.3825500";"796043.770";"";"";"";"";"";"";"COULOIR VERT";"2024-05-22 00:00:00";"EUR";"235338.360";"9.000";"";"";"0.000";"";"";"9.000";"";"";"";"";"";"";"";"";"152"
"D558DDM1W";"";"";"3.3781500";"345645.315";"Devis Drts et Txs";"";"";"";"";"";"";"";"EUR";"102317.930";"18.000";"";"";"0.000";"";"";"18.000";"";"";"";"";"";"";"";"";""
"D425DDM1W";"543465";"2024-05-22 00:00:00";"3.3838500";"258458.463";"";"";"";"";"";"";"COULOIR VERT";"2024-05-22 00:00:00";"EUR";"76380.000";"9.000";"";"";"0.000";"";"";"9.000";"";"";"";"";"";"";"";"";"152"
"D428DDM1W";"478112";"2024-05-23 00:00:00";"3.3825000";"456984.950";"";"";"";"";"";"";"COULOIR VERT";"2024-05-23 00:00:00";"EUR";"135102.720";"18.000";"";"";"0.000";"";"";"18.000";"";"";"";"";"";"";"";"";"105"
"D414DDM1W";"677898";"2024-05-22 00:00:00";"3.3838500";"9850.183";"";"";"";"";"";"";"COULOIR VERT";"2024-05-23 00:00:00";"EUR";"2071.740";"29.000";"";"";"0.000";"";"";"29.000";"";"";"";"";"";"";"";"";"111"
"D565DDM1W";"479245";"2024-07-11 00:00:00";"3.1232000";"643808.671";"";"";"";"";"";"";"COULOIR VERT";"2024-07-11 00:00:00";"USD";"206137.510";"18.000";"";"";"0.000";"";"";"18.000";"";"";"";"";"";"";"";"";"113"
"D566DDM1W";"";"";"3.3814500";"446016.580";"Devis Drts et Txs";"";"";"";"";"";"";"";"EUR";"131760.000";"125562.219";"";"";"0.000";"";"";"125562.219";"";"";"";"";"";"";"";"";""
"D569DDM1W";"";"";"3.3835500";"8162.711";"Devis Drts et Txs";"";"";"";"";"";"";"";"EUR";"2173.200";"29.000";"";"";"0.000";"";"";"29.000";"";"";"";"";"";"";"";"";""
"D588DDM1W";"";"";"3.3813000";"598958.004";"Devis Drts et Txs";"";"";"";"";"";"";"";"EUR";"177138.380";"9.000";"";"";"0.000";"";"";"9.000";"";"";"";"";"";"";"";"";""
"D496DDM1W";"478376";"2024-05-31 00:00:00";"3.3775500";"98928.440";"";"";"";"";"";"";"COULOIR VERT";"2024-05-31 00:00:00";"EUR";"29290.000";"9.000";"";"";"0.000";"";"";"9.000";"";"";"";"";"";"";"";"";"120"
"D494DDM1W";"543762";"2024-05-31 00:00:00";"3.3775500";"19123.283";"";"";"";"";"";"";"COULOIR VERT";"2024-05-31 00:00:00";"EUR";"5661.880";"9.000";"";"";"0.000";"";"";"9.000";"";"";"";"";"";"";"";"";"120"
"D589DDM1W";"479396";"2024-07-18 00:00:00";"3.3813000";"598958.004";"";"";"";"";"";"";"COULOIR VERT";"2024-07-18 00:00:00";"EUR";"177138.380";"9.000";"";"";"0.000";"";"";"9.000";"";"";"";"";"";"";"";"";"115"
"D506DDM1W";"543802";"2024-06-04 00:00:00";"3.3802500";"130421.200";"";"";"";"";"";"";"COULOIR VERT";"2024-06-04 00:00:00";"EUR";"38583.300";"9.000";"";"";"0.000";"";"";"9.000";"";"";"";"";"";"";"";"";"144"
"D591DDM1W";"";"";"3.3842500";"19014.330";"Devis Drts et Txs";"";"";"";"";"";"";"";"EUR";"4911.900";"29.000";"";"";"0.000";"";"";"29.000";"";"";"";"";"";"";"";"";""
"D594DDM1W";"544992";"2024-07-20 00:00:00";"3.3810500";"84762.924";"";"";"";"";"";"";"COULOIR VERT";"2024-07-20 00:00:00";"EUR";"25070.000";"9.000";"";"";"0.000";"";"";"9.000";"";"";"";"";"";"";"";"";"111"
"D597DDM1W";"";"";"3.3734500";"105864.617";"Devis Drts et Txs";"";"";"";"";"";"";"";"EUR";"27856.470";"196.000";"";"";"0.000";"";"";"196.000";"";"";"";"";"";"";"";"";""
"D601DDM1W";"479615";"2024-07-30 00:00:00";"3.3744500";"674.890";"";"";"";"";"";"";"COULOIR VERT";"2024-07-30 00:00:00";"EUR";"200.000";"9.000";"";"";"0.000";"";"";"9.000";"";"";"";"";"";"";"";"";"115"
"D644DDM1W";"";"";"3.3748500";"3570.462";"Devis Drts et Txs";"";"";"";"";"";"";"";"EUR";"916.500";"29.000";"";"";"180.000";"";"";"209.000";"";"";"";"";"";"";"";"";""
"D645DDM1W";"622204";"2024-08-09 00:00:00";"3.3761500";"276653.221";"";"";"";"";"";"";"COULOIR VERT";"2024-08-09 00:00:00";"EUR";"81855.000";"29.000";"";"";"77500.000";"";"";"77529.000";"";"";"";"";"";"";"";"";"095"
"D649DDM1W";"911737";"2024-08-09 00:00:00";"1.0000000";"10000.000";"";"";"";"";"";"";"COULOIR VERT";"2024-08-09 00:00:00";"TND";"10000.000";"429.000";"";"";"0.000";"";"";"429.000";"";"";"";"";"";"";"";"";"095"
"D647DDM1W";"622205";"2024-08-09 00:00:00";"3.3761500";"276653.221";"";"";"";"";"";"";"COULOIR VERT";"2024-08-09 00:00:00";"EUR";"81855.000";"29.000";"";"";"77500.000";"";"";"77529.000";"";"";"";"";"";"";"";"";"095"
"D654DDM1W";"130268";"2024-08-12 00:00:00";"3.3761500";"276653.221";"";"";"";"";"";"";"CTD AHMED WERGHMI";"2024-08-14 00:00:00";"EUR";"81855.000";"77886.603";"";"";"0.000";"";"";"77886.603";"";"";"";"";"";"";"";"";"120"
"D666DDM1W";"";"";"3.3838000";"12344.102";"Devis Drts et Txs";"";"";"";"";"";"";"";"EUR";"3648.000";"9.000";"";"";"0.000";"";"";"9.000";"";"";"";"";"";"";"";"";""
"D665DDM1W";"479959";"2024-08-15 00:00:00";"3.3838000";"12344.102";"";"";"";"";"";"";"COULOIR VERT";"2024-08-15 00:00:00";"EUR";"3648.000";"18.000";"";"";"0.000";"";"";"18.000";"";"";"";"";"";"";"";"";"124"
"D667DDM1W";"479971";"2024-08-16 00:00:00";"3.3842500";"56127.786";"";"";"";"";"";"";"COULOIR VERT";"2024-08-16 00:00:00";"EUR";"16585.000";"9.000";"";"";"0.000";"";"";"9.000";"";"";"";"";"";"";"";"";"110"
"D522DDM1W";"";"";"3.1098000";"450392.552";"Devis Drts et Txs";"";"";"";"";"";"";"";"USD";"144830.070";"36.000";"";"";"0.000";"";"";"36.000";"";"";"";"";"";"";"";"";""
"D523DDM1W";"";"";"3.3828500";"322142.581";"Devis Drts et Txs";"";"";"";"";"";"";"";"EUR";"95228.160";"9.000";"";"";"0.000";"";"";"9.000";"";"";"";"";"";"";"";"";""
"D544DDM1W";"317219";"2024-07-01 00:00:00";"3.3671500";"6231.101";"";"";"";"";"";"";"CTD AHMED WERGHMI";"2024-07-01 00:00:00";"EUR";"1655.490";"1304.800";"";"";"0.000";"";"";"1304.800";"";"";"";"";"";"";"";"";"125"
"D546DDM1W";"622151";"2024-07-04 00:00:00";"3.3756000";"445244.959";"";"";"";"";"";"";"COULOIR VERT";"2024-07-04 00:00:00";"EUR";"131760.000";"29.000";"";"";"124500.000";"";"";"124529.000";"";"";"";"";"";"";"";"";"122"
"D555DDM1W";"";"";"3.3756000";"597948.316";"Devis Drts et Txs";"";"";"";"";"";"";"";"EUR";"177138.380";"9.000";"";"";"0.000";"";"";"9.000";"";"";"";"";"";"";"";"";""
"D557DDM1W";"";"";"3.3781500";"345645.315";"Devis Drts et Txs";"";"";"";"";"";"";"";"EUR";"102317.930";"18.000";"";"";"0.000";"";"";"18.000";"";"";"";"";"";"";"";"";""
"D559DDM1W";"";"";"3.3781500";"28290.148";"Devis Drts et Txs";"";"";"";"";"";"";"";"EUR";"8374.450";"9.000";"";"";"0.000";"";"";"9.000";"";"";"";"";"";"";"";"";""
"D528DDM1W";"543959";"2024-06-07 00:00:00";"3.1098000";"450392.552";"";"";"";"";"";"";"COULOIR VERT";"2024-06-08 00:00:00";"USD";"144830.070";"27.000";"";"";"0.000";"";"";"27.000";"";"";"";"";"";"";"";"";"101"
"D520DDM1W";"478596";"2024-06-07 00:00:00";"3.3828500";"448793.035";"";"";"";"";"";"";"COULOIR VERT";"2024-06-08 00:00:00";"EUR";"132667.140";"18.000";"";"";"0.000";"";"";"18.000";"";"";"";"";"";"";"";"";"095"
"D526DDM1W";"478597";"2024-06-07 00:00:00";"3.3828500";"226861.228";"";"";"";"";"";"";"COULOIR VERT";"2024-06-08 00:00:00";"EUR";"67062.160";"9.000";"";"";"0.000";"";"";"9.000";"";"";"";"";"";"";"";"";"100"
"D564DDM1W";"544717";"2024-07-11 00:00:00";"3.1232000";"195209.994";"";"";"";"";"";"";"COULOIR VERT";"2024-07-11 00:00:00";"USD";"62503.200";"9.000";"";"";"0.000";"";"";"9.000";"";"";"";"";"";"";"";"";"113"
"D525DDM1W";"543957";"2024-06-07 00:00:00";"3.3828500";"37996.408";"";"";"";"";"";"";"COULOIR VERT";"2024-06-08 00:00:00";"EUR";"11232.070";"9.000";"";"";"0.000";"";"";"9.000";"";"";"";"";"";"";"";"";"100"
"D527DDM1W";"478598";"2024-06-07 00:00:00";"3.1098000";"296140.532";"";"";"";"";"";"";"COULOIR VERT";"2024-06-08 00:00:00";"USD";"95228.160";"9.000";"";"";"0.000";"";"";"9.000";"";"";"";"";"";"";"";"";"101"
"D568DDM1W";"";"";"3.3821500";"97954.684";"Devis Drts et Txs";"";"";"";"";"";"";"";"EUR";"25683.270";"196.000";"";"";"0.000";"";"";"196.000";"";"";"";"";"";"";"";"";""
"D431DDM1W";"677968";"2024-05-28 00:00:00";"3.3822500";"45244.445";"";"";"";"";"";"";"COULOIR VERT";"2024-06-08 00:00:00";"EUR";"12434.260";"49.000";"";"";"0.000";"";"";"49.000";"";"";"";"";"";"";"";"";"101"
"D586DDM1W";"622165";"2024-07-18 00:00:00";"3.3813000";"445996.794";"";"";"";"";"";"";"COULOIR VERT";"2024-07-18 00:00:00";"EUR";"131760.000";"29.000";"";"";"124500.000";"";"";"124529.000";"";"";"";"";"";"";"";"";"115"
"D541DDM1W";"478937";"2024-06-27 00:00:00";"3.3649500";"12618.563";"";"";"";"";"";"";"COULOIR VERT";"2024-06-27 00:00:00";"EUR";"3750.000";"9.000";"";"";"0.000";"";"";"9.000";"";"";"";"";"";"";"";"";"153"
"D593DDM1W";"479444";"2024-07-20 00:00:00";"3.3810500";"16905.250";"";"";"";"";"";"";"COULOIR VERT";"2024-07-20 00:00:00";"EUR";"5000.000";"9.000";"";"";"0.000";"";"";"9.000";"";"";"";"";"";"";"";"";"111"
"D596DDM1W";"";"";"3.3734500";"97731.304";"Devis Drts et Txs";"";"";"";"";"";"";"";"EUR";"25683.270";"176.000";"";"";"0.000";"";"";"176.000";"";"";"";"";"";"";"";"";""
"D598DDM1W";"";"";"3.3734500";"43712.942";"Devis Drts et Txs";"";"";"";"";"";"";"";"EUR";"12109.200";"245.000";"";"";"0.000";"";"";"245.000";"";"";"";"";"";"";"";"";""
"D600DDM1W";"130056";"2024-07-30 00:00:00";"3.3813000";"445996.794";"";"";"";"";"";"";"CND AMIRA GHORBEL";"2024-07-30 00:00:00";"EUR";"131760.000";"125556.650";"";"";"0.000";"";"";"125556.650";"";"";"";"";"";"";"";"";"115"
"D633DDM1W";"545272";"2024-08-02 00:00:00";"3.3634000";"74196.604";"";"";"";"";"";"";"COULOIR VERT";"2024-08-02 00:00:00";"EUR";"22060.000";"9.000";"";"";"0.000";"";"";"9.000";"";"";"";"";"";"";"";"";"115"
"D648DDM1W";"911735";"2024-08-09 00:00:00";"1.0000000";"10000.000";"";"";"";"";"";"";"COULOIR VERT";"2024-08-09 00:00:00";"TND";"10000.000";"429.000";"";"";"0.000";"";"";"429.000";"";"";"";"";"";"";"";"";"095"
"D652DDM1W";"";"";"3.3746000";"3570.229";"Devis Drts et Txs";"";"";"";"";"";"";"";"EUR";"916.500";"29.000";"";"";"0.000";"";"";"29.000";"";"";"";"";"";"";"";"";""
"D651DDM1W";"545455";"2024-08-12 00:00:00";"3.3746000";"149106.701";"";"";"";"";"";"";"COULOIR VERT";"2024-08-12 00:00:00";"EUR";"44185.000";"9.000";"";"";"0.000";"";"";"9.000";"";"";"";"";"";"";"";"";"105"
"D662DDM1W";"479918";"2024-08-14 00:00:00";"3.3745500";"3374.550";"";"";"";"";"";"";"COULOIR VERT";"2024-08-14 00:00:00";"EUR";"1000.000";"18.000";"";"";"0.000";"";"";"18.000";"";"";"";"";"";"";"";"";"131"
"D653DDM1W";"130269";"2024-08-12 00:00:00";"3.3761500";"276653.221";"";"";"";"";"";"";"CTD AHMED WERGHMI";"2024-08-14 00:00:00";"EUR";"81855.000";"77886.603";"";"";"0.000";"";"";"77886.603";"";"";"";"";"";"";"";"";"120"
